Workbook

Sheet Assumptions
B1: The Charles Blow Show — Revenue Model
B2: DRAFT — illustrative assumptions. Edit blue cells; all outputs recompute.
B4: AUDIENCE & FUNNEL
B5: Starting YouTube subscribers (Month 1) | C5: 800 | D5: Launch base
B6: Target YouTube subscribers (Month 12) | C6: 10000 | D6: Success-ladder milestone
B7: Avg monthly views per subscriber | C7: 4 | D7: Views generated per sub / mo
B8: View -> email signup conversion | C8: 0.015 | D8: Share of monthly views that join list
B9: Email -> paid member conversion | C9: 0.03 | D9: Default 3% (model 2-5%)
B10: Monthly member churn | C10: 0.05 | D10: Default 5% (model 4-6%)
B12: MEMBERSHIP MIX & PRICING
B13: Share Member tier (vs Founding) | C13: 0.85 | D13: Remainder are Founding Members
B14: Of Members: share on annual billing | C14: 0.3 | D14: Rest billed monthly
B15: Member price - monthly | C15: 7 | D15: $7 / mo
B16: Member price - annual | C16: 70 | D16: $70 / yr (~17% off)
B17: Founding Member price - annual | C17: 150 | D17: $150 / yr, limited cohort
B19: SPONSORSHIP
B20: Episodes per month | C20: 40 | D20: ~2 segments x ~20 weekdays
B21: Avg sponsor reads per episode | C21: 1.5 | D21: Pre-roll + some mid-roll
B22: Pre-roll CPM | C22: 30 | D22: $30 CPM, 15-20s
B23: Mid-roll CPM | C23: 25 | D23: $25 CPM, 30-45s
B24: Blended sponsor CPM | C24: =AVERAGE(C22:C23) | D24: Avg of pre/mid
B25: Sell-through rate of sponsor slots | C25: 0.6 | D25: Share of reads actually sold
B27: PLATFORM & AD REVENUE
B28: YouTube/podcast RPM (per 1,000 views) | C28: 4 | D28: Conservative ad RPM
B29: Share of views monetized | C29: 0.7 | D29: Ad-eligible / monetized views

Sheet Projection
B1: 12-Month Projection
B2: Black = formulas. Green = links to Assumptions. All driven by the Assumptions sheet.
B4: Metric | C4: M1 | D4: M2 | E4: M3 | F4: M4 | G4: M5 | H4: M6 | I4: M7 | J4: M8 | K4: M9 | L4: M10 | M4: M11 | N4: M12
B5: YouTube subscribers | C5: =Assumptions!$C$5+(Assumptions!$C$6-Assumptions!$C$5)*(1-1)/11 | D5: =Assumptions!$C$5+(Assumptions!$C$6-Assumptions!$C$5)*(2-1)/11 | E5: =Assumptions!$C$5+(Assumptions!$C$6-Assumptions!$C$5)*(3-1)/11 | F5: =Assumptions!$C$5+(Assumptions!$C$6-Assumptions!$C$5)*(4-1)/11 | G5: =Assumptions!$C$5+(Assumptions!$C$6-Assumptions!$C$5)*(5-1)/11 | H5: =Assumptions!$C$5+(Assumptions!$C$6-Assumptions!$C$5)*(6-1)/11 | I5: =Assumptions!$C$5+(Assumptions!$C$6-Assumptions!$C$5)*(7-1)/11 | J5: =Assumptions!$C$5+(Assumptions!$C$6-Assumptions!$C$5)*(8-1)/11 | K5: =Assumptions!$C$5+(Assumptions!$C$6-Assumptions!$C$5)*(9-1)/11 | L5: =Assumptions!$C$5+(Assumptions!$C$6-Assumptions!$C$5)*(10-1)/11 | M5: =Assumptions!$C$5+(Assumptions!$C$6-Assumptions!$C$5)*(11-1)/11 | N5: =Assumptions!$C$5+(Assumptions!$C$6-Assumptions!$C$5)*(12-1)/11
B6: Monthly views | C6: =C5*Assumptions!$C$7 | D6: =D5*Assumptions!$C$7 | E6: =E5*Assumptions!$C$7 | F6: =F5*Assumptions!$C$7 | G6: =G5*Assumptions!$C$7 | H6: =H5*Assumptions!$C$7 | I6: =I5*Assumptions!$C$7 | J6: =J5*Assumptions!$C$7 | ... N6: =N5*Assumptions!$C$7
B7: New email signups | C7: =C6*Assumptions!$C$8 | D7: =D6*Assumptions!$C$8 | E7: =E6*Assumptions!$C$8 | F7: =F6*Assumptions!$C$8 | G7: =G6*Assumptions!$C$8 | H7: =H6*Assumptions!$C$8 | I7: =I6*Assumptions!$C$8 | J7: =J6*Assumptions!$C$8 | ... N7: =N6*Assumptions!$C$8
B8: Email list (cumulative) | C8: =C7 | D8: =C8+D7 | E8: =D8+E7 | F8: =E8+F7 | G8: =F8+G7 | H8: =G8+H7 | I8: =H8+I7 | J8: =I8+J7 | K8: =J8+K7 | ... N8: =M8+N7
B9: New paying members (gross) | C9: =C7*Assumptions!$C$9 | D9: =D7*Assumptions!$C$9 | E9: =E7*Assumptions!$C$9 | F9: =F7*Assumptions!$C$9 | G9: =G7*Assumptions!$C$9 | H9: =H7*Assumptions!$C$9 | I9: =I7*Assumptions!$C$9 | J9: =J7*Assumptions!$C$9 | ... N9: =N7*Assumptions!$C$9
B10: Churned members | C10: 0 | D10: =C11*Assumptions!$C$10 | E10: =D11*Assumptions!$C$10 | F10: =E11*Assumptions!$C$10 | G10: =F11*Assumptions!$C$10 | H10: =G11*Assumptions!$C$10 | I10: =H11*Assumptions!$C$10 | J10: =I11*Assumptions!$C$10 | K10: =J11*Assumptions!$C$10 | ... N10: =M11*Assumptions!$C$10
B11: Paying members (end of month) | C11: =C9 | D11: =C11+D9-D10 | E11: =D11+E9-E10 | F11: =E11+F9-F10 | G11: =F11+G9-G10 | H11: =G11+H9-H10 | I11: =H11+I9-I10 | J11: =I11+J9-J10 | K11: =J11+K9-K10 | ... N11: =M11+N9-N10
B12: Member tier | C12: =C11*Assumptions!$C$13 | D12: =D11*Assumptions!$C$13 | E12: =E11*Assumptions!$C$13 | F12: =F11*Assumptions!$C$13 | G12: =G11*Assumptions!$C$13 | H12: =H11*Assumptions!$C$13 | I12: =I11*Assumptions!$C$13 | J12: =J11*Assumptions!$C$13 | ... N12: =N11*Assumptions!$C$13
B13: Founding members | C13: =C11*(1-Assumptions!$C$13) | D13: =D11*(1-Assumptions!$C$13) | E13: =E11*(1-Assumptions!$C$13) | F13: =F11*(1-Assumptions!$C$13) | G13: =G11*(1-Assumptions!$C$13) | H13: =H11*(1-Assumptions!$C$13) | I13: =I11*(1-Assumptions!$C$13) | J13: =J11*(1-Assumptions!$C$13) | ... N13: =N11*(1-Assumptions!$C$13)
B15: REVENUE
B16: MRR (recurring monthly) | C16: =C12*(1-Assumptions!$C$14)*Assumptions!$C$15 + C12*Assumptions!$C$14*Assumptions!$C$16/12 + C13*Assumptions!$C$17/12 | D16: =D12*(1-Assumptions!$C$14)*Assumptions!$C$15 + D12*Assumptions!$C$14*Assumptions!$C$16/12 + D13*Assumptions!$C$17/12 | E16: =E12*(1-Assumptions!$C$14)*Assumptions!$C$15 + E12*Assumptions!$C$14*Assumptions!$C$16/12 + E13*Assumptions!$C$17/12 | F16: =F12*(1-Assumptions!$C$14)*Assumptions!$C$15 + F12*Assumptions!$C$14*Assumptions!$C$16/12 + F13*Assumptions!$C$17/12 | G16: =G12*(1-Assumptions!$C$14)*Assumptions!$C$15 + G12*Assumptions!$C$14*Assumptions!$C$16/12 + G13*Assumptions!$C$17/12 | H16: =H12*(1-Assumptions!$C$14)*Assumptions!$C$15 + H12*Assumptions!$C$14*Assumptions!$C$16/12 + H13*Assumptions!$C$17/12 | I16: =I12*(1-Assumptions!$C$14)*Assumptions!$C$15 + I12*Assumptions!$C$14*Assumptions!$C$16/12 + I13*Assumptions!$C$17/12 | J16: =J12*(1-Assumptions!$C$14)*Assumptions!$C$15 + J12*Assumptions!$C$14*Assumptions!$C$16/12 + J13*Assumptions!$C$17/12 | ... N16: =N12*(1-Assumptions!$C$14)*Assumptions!$C$15 + N12*Assumptions!$C$14*Assumptions!$C$16/12 + N13*Assumptions!$C$17/12
B17: Membership revenue (recognized) | C17: =C16 | D17: =D16 | E17: =E16 | F17: =F16 | G17: =G16 | H17: =H16 | I17: =I16 | J17: =J16 | ... N17: =N16
B18: Sponsorship revenue | C18: =Assumptions!$C$21*Assumptions!$C$25*(C6/1000)*Assumptions!$C$24 | D18: =Assumptions!$C$21*Assumptions!$C$25*(D6/1000)*Assumptions!$C$24 | E18: =Assumptions!$C$21*Assumptions!$C$25*(E6/1000)*Assumptions!$C$24 | F18: =Assumptions!$C$21*Assumptions!$C$25*(F6/1000)*Assumptions!$C$24 | G18: =Assumptions!$C$21*Assumptions!$C$25*(G6/1000)*Assumptions!$C$24 | H18: =Assumptions!$C$21*Assumptions!$C$25*(H6/1000)*Assumptions!$C$24 | I18: =Assumptions!$C$21*Assumptions!$C$25*(I6/1000)*Assumptions!$C$24 | J18: =Assumptions!$C$21*Assumptions!$C$25*(J6/1000)*Assumptions!$C$24 | ... N18: =Assumptions!$C$21*Assumptions!$C$25*(N6/1000)*Assumptions!$C$24
B19: Platform / ad revenue | C19: =C6*Assumptions!$C$29/1000*Assumptions!$C$28 | D19: =D6*Assumptions!$C$29/1000*Assumptions!$C$28 | E19: =E6*Assumptions!$C$29/1000*Assumptions!$C$28 | F19: =F6*Assumptions!$C$29/1000*Assumptions!$C$28 | G19: =G6*Assumptions!$C$29/1000*Assumptions!$C$28 | H19: =H6*Assumptions!$C$29/1000*Assumptions!$C$28 | I19: =I6*Assumptions!$C$29/1000*Assumptions!$C$28 | J19: =J6*Assumptions!$C$29/1000*Assumptions!$C$28 | ... N19: =N6*Assumptions!$C$29/1000*Assumptions!$C$28
B20: Blended monthly revenue | C20: =C17+C18+C19 | D20: =D17+D18+D19 | E20: =E17+E18+E19 | F20: =F17+F18+F19 | G20: =G17+G18+G19 | H20: =H17+H18+H19 | I20: =I17+I18+I19 | J20: =J17+J18+J19 | ... N20: =N17+N18+N19
B21: Cumulative revenue | C21: =C20 | D21: =C21+D20 | E21: =D21+E20 | F21: =E21+F20 | G21: =F21+G20 | H21: =G21+H20 | I21: =H21+I20 | J21: =I21+J20 | K21: =J21+K20 | ... N21: =M21+N20
B22: ARR (MRR x 12) | C22: =C16*12 | D22: =D16*12 | E22: =E16*12 | F22: =F16*12 | G22: =G16*12 | H22: =H16*12 | I22: =I16*12 | J22: =J16*12 | ... N22: =N16*12

Sheet Summary
B1: Summary — End of Year 1
B2: DRAFT — illustrative assumptions. Figures pull live from the Projection sheet.
B4: KEY OUTCOMES (Month 12)
B5: Paying members | C5: =Projection!N11
B6: Member tier | C6: =Projection!N12
B7: Founding members | C7: =Projection!N13
B8: Email list | C8: =Projection!N8
B9: YouTube subscribers | C9: =Projection!N5
B10: MRR | C10: =Projection!N16
B11: ARR | C11: =Projection!N22
B13: YEAR-1 REVENUE BY LEG
B14: Membership revenue | C14: =SUM(Projection!C17:N17)
B15: Sponsorship revenue | C15: =SUM(Projection!C18:N18)
B16: Platform / ad revenue | C16: =SUM(Projection!C19:N19)
B17: Total Year-1 revenue | C17: =SUM(C14:C16)
B19: REVENUE SPLIT (% of Year 1)
B20: Membership | C20: =C14/C17
B21: Sponsorship | C21: =C15/C17
B22: Platform / ad | C22: =C16/C17
B24: DRAFT — illustrative assumptions; numbers to model, not committed. Edit the Assumptions sheet to update all outputs.
