Workbook

Sheet Cover
A1: Gelatin — Global Revenue Model (v2)
A2: Worldwide (built in Atlanta) · multi-market rollout · model dated 2026-06-01
A4: Model logic | B4: Revenue = sum across active markets, each at its stage (Launch → Growing → Mature).
A5: Pricing | B5: Flat $7 booking fee (DJ keeps 100%) + $10/mo memberships, localized per market currency.
A6: Stage net / market / mo | B6: Launch ~$3K · Growing ~$15K · Mature ~$38K (editable on Assumptions).
A7: Rollout | B7: Global signups now; verified events market-by-market. Edit the monthly market counts.
A8: Headline | B8: Base rollout crosses $100K/MONTH net at ~month 19; ~$510K/mo with 25 markets by month 36.
A9: Verification | B9: Venue headcount + venue feedback + patron QR reviews (no on-site rep).
A10: Tabs | B10: Assumptions · Monthly Rollout (36 mo) · Markets & Phasing · $100K Path
A11: Caveat | B11: Illustrative; per-market nets are planning archetypes, not guarantees.

Sheet Assumptions
A1: Assumptions (edit blue cells)
A3: Driver | B3: Value | C3: Notes
A4: Launch-stage net / market / mo | B4: 3000 | C4: Months 1–6 after a market goes live.
A5: Growing-stage net / market / mo | B5: 15000 | C5: Months 7–18.
A6: Mature-stage net / market / mo | B6: 38000 | C6: Month 19+. ~1,600 bookings + 1,000 members + add-ons.
A7: Months in Launch stage | B7: 6 | C7: Then → Growing.
A8: Months in Growing stage | B8: 12 | C8: Then → Mature (month 19+).
A9: Booking fee (USD ref) | B9: 7 | C9: Localized per market; net ~$6.95/booking.
A10: Membership (USD ref) | B10: 10 | C10: Each side; net ~$9.41/mo.
A11: Target | B11: 100000 | C11: Monthly net revenue goal.

Sheet Monthly Rollout
A1: Monthly Rollout — Base global trajectory (36 months)
A2: Edit the market counts per stage (blue). Net/mo recomputes. ✓ when net ≥ Target.
A4: Month | B4: # Launch | C4: # Growing | D4: # Mature | E4: Live markets | F4: Net / mo | G4: Cumulative | H4: Hit $100K?
A5: 1 | B5: 1 | C5: 0 | D5: 0 | E5: =B5+C5+D5 | F5: =B5*Assumptions!$B$4+C5*Assumptions!$B$5+D5*Assumptions!$B$6 | G5: =F5 | H5: =IF(F5>=Assumptions!$B$11,"✓ YES","")
A6: 2 | B6: 1 | C6: 0 | D6: 0 | E6: =B6+C6+D6 | F6: =B6*Assumptions!$B$4+C6*Assumptions!$B$5+D6*Assumptions!$B$6 | G6: =G5+F6 | H6: =IF(F6>=Assumptions!$B$11,"✓ YES","")
A7: 3 | B7: 1 | C7: 0 | D7: 0 | E7: =B7+C7+D7 | F7: =B7*Assumptions!$B$4+C7*Assumptions!$B$5+D7*Assumptions!$B$6 | G7: =G6+F7 | H7: =IF(F7>=Assumptions!$B$11,"✓ YES","")
A8: 4 | B8: 2 | C8: 0 | D8: 0 | E8: =B8+C8+D8 | F8: =B8*Assumptions!$B$4+C8*Assumptions!$B$5+D8*Assumptions!$B$6 | G8: =G7+F8 | H8: =IF(F8>=Assumptions!$B$11,"✓ YES","")
A9: 5 | B9: 2 | C9: 0 | D9: 0 | E9: =B9+C9+D9 | F9: =B9*Assumptions!$B$4+C9*Assumptions!$B$5+D9*Assumptions!$B$6 | G9: =G8+F9 | H9: =IF(F9>=Assumptions!$B$11,"✓ YES","")
A10: 6 | B10: 2 | C10: 0 | D10: 0 | E10: =B10+C10+D10 | F10: =B10*Assumptions!$B$4+C10*Assumptions!$B$5+D10*Assumptions!$B$6 | G10: =G9+F10 | H10: =IF(F10>=Assumptions!$B$11,"✓ YES","")
A11: 7 | B11: 2 | C11: 1 | D11: 0 | E11: =B11+C11+D11 | F11: =B11*Assumptions!$B$4+C11*Assumptions!$B$5+D11*Assumptions!$B$6 | G11: =G10+F11 | H11: =IF(F11>=Assumptions!$B$11,"✓ YES","")
A12: 8 | B12: 2 | C12: 1 | D12: 0 | E12: =B12+C12+D12 | F12: =B12*Assumptions!$B$4+C12*Assumptions!$B$5+D12*Assumptions!$B$6 | G12: =G11+F12 | H12: =IF(F12>=Assumptions!$B$11,"✓ YES","")
A13: 9 | B13: 2 | C13: 1 | D13: 0 | E13: =B13+C13+D13 | F13: =B13*Assumptions!$B$4+C13*Assumptions!$B$5+D13*Assumptions!$B$6 | G13: =G12+F13 | H13: =IF(F13>=Assumptions!$B$11,"✓ YES","")
A14: 10 | B14: 3 | C14: 2 | D14: 0 | E14: =B14+C14+D14 | F14: =B14*Assumptions!$B$4+C14*Assumptions!$B$5+D14*Assumptions!$B$6 | G14: =G13+F14 | H14: =IF(F14>=Assumptions!$B$11,"✓ YES","")
A15: 11 | B15: 3 | C15: 2 | D15: 0 | E15: =B15+C15+D15 | F15: =B15*Assumptions!$B$4+C15*Assumptions!$B$5+D15*Assumptions!$B$6 | G15: =G14+F15 | H15: =IF(F15>=Assumptions!$B$11,"✓ YES","")
A16: 12 | B16: 3 | C16: 2 | D16: 0 | E16: =B16+C16+D16 | F16: =B16*Assumptions!$B$4+C16*Assumptions!$B$5+D16*Assumptions!$B$6 | G16: =G15+F16 | H16: =IF(F16>=Assumptions!$B$11,"✓ YES","")
A17: 13 | B17: 4 | C17: 3 | D17: 0 | E17: =B17+C17+D17 | F17: =B17*Assumptions!$B$4+C17*Assumptions!$B$5+D17*Assumptions!$B$6 | G17: =G16+F17 | H17: =IF(F17>=Assumptions!$B$11,"✓ YES","")
... A40: 36 | B40: 6 | C40: 10 | D40: 9 | E40: =B40+C40+D40 | F40: =B40*Assumptions!$B$4+C40*Assumptions!$B$5+D40*Assumptions!$B$6 | G40: =G39+F40 | H40: =IF(F40>=Assumptions!$B$11,"✓ YES","")

Sheet Markets & Phasing
A1: Markets & Phasing
A2: Suggested order. Phase gated by Stripe payout support + tax/legal readiness.
A4: Phase | B4: Markets | C4: Why | D4: Watch-outs
A5: 1 · Now | B5: Atlanta + US metros | C5: USD, Stripe-native, simplest tax | D5: US sales-tax nexus
A6: 2 · Yr 1–2 | B6: Canada, UK, Ireland, Australia, NZ | C6: English, Stripe-strong, multi-currency | D6: FX, local consumer law
A7: 3 · Yr 2–3 | B7: EU (DE, FR, NL, ES…) | C7: Large market | D7: Full VAT + GDPR
A8: 4 · Yr 3+ | B8: Rest of world | C8: Demand-led from signups | D8: Stripe payout coverage, compliance

Sheet $100K Path
A1: The $100K / month path
A3: Metric | B3: Value | C3: Note
A4: Single-metro ceiling (Atlanta only) | B4: ~$16,000 / mo | C4: Why worldwide was necessary
A5: Markets needed — mature | B5: ~3 markets | C5: at ~$38K/mo each
A6: Markets needed — emerging | B6: ~9 markets | C6: at ~$11K/mo each
A7: Base rollout crosses $100K/mo | B7: ~Month 19 | C7: ≈ 2y7m — when first markets mature
A8: Month-36 run-rate | B8: ~$510,000 / mo | C8: 25 active markets
A9: 3-year cumulative net | B9: ~$6.2M | C9: Base rollout
A12: Levers to go faster: add markets quicker, raise tiered fees on premium events, lift membership adoption, add featured-placement revenue.
